Feature,Coefficient
App,88.92156161465668
OTT,88.4871664640104
BS,56.52094784810312
Arg,34.07940313187664
T2G,32.52792685038456
Total,1.159985147084953
Putt,0.778681668242654
