Feature,Coefficient
OTT,9.200381271469576
App,8.488248482331564
BS,7.456305329376131
Total,3.8317040045634845
Putt,3.2721420703325053
T2G,1.2906256004346222
Arg,0.6540666639614114
